<TextureAtlas imagePath="sheet2.png">
	<SubTexture name="castleHalf.png" x="0" y="70" width="70" height="70"/>
	<SubTexture name="castleHalfLeft.png" x="0" y="0" width="70" height="70"/>
	<SubTexture name="castleHalfMid.png" x="140" y="210" width="70" height="70"/>
	<SubTexture name="castleHalfRight.png" x="280" y="420" width="70" height="70"/>
	<SubTexture name="slice01_01.png" x="280" y="350" width="70" height="70"/>
	<SubTexture name="slice02_02.png" x="280" y="280" width="70" height="70"/>
	<SubTexture name="slice03_03.png" x="280" y="210" width="70" height="70"/>
	<SubTexture name="slice04_04.png" x="280" y="140" width="70" height="70"/>
	<SubTexture name="slice05_05.png" x="280" y="70" width="70" height="70"/>
	<SubTexture name="slice06_06.png" x="280" y="0" width="70" height="70"/>
	<SubTexture name="slice07_07.png" x="210" y="420" width="70" height="70"/>
	<SubTexture name="slice12_12.png" x="210" y="350" width="70" height="70"/>
	<SubTexture name="slice13_13.png" x="210" y="280" width="70" height="70"/>
	<SubTexture name="slice14_14.png" x="210" y="210" width="70" height="70"/>
	<SubTexture name="slice15_15.png" x="210" y="140" width="70" height="70"/>
	<SubTexture name="slice16_16.png" x="210" y="70" width="70" height="70"/>
	<SubTexture name="slice17_17.png" x="210" y="0" width="70" height="70"/>
	<SubTexture name="slice18_18.png" x="140" y="420" width="70" height="70"/>
	<SubTexture name="slice19_19.png" x="140" y="350" width="70" height="70"/>
	<SubTexture name="slice20_20.png" x="140" y="280" width="70" height="70"/>
	<SubTexture name="slice21_21.png" x="350" y="0" width="70" height="70"/>
	<SubTexture name="slice22_22.png" x="140" y="140" width="70" height="70"/>
	<SubTexture name="slice23_23.png" x="140" y="70" width="70" height="70"/>
	<SubTexture name="slice24_24.png" x="140" y="0" width="70" height="70"/>
	<SubTexture name="slice25_25.png" x="70" y="420" width="70" height="70"/>
	<SubTexture name="slice26_26.png" x="70" y="350" width="70" height="70"/>
	<SubTexture name="slice27_27.png" x="70" y="280" width="70" height="70"/>
	<SubTexture name="slice28_28.png" x="70" y="210" width="70" height="70"/>
	<SubTexture name="slice29_29.png" x="70" y="140" width="70" height="70"/>
	<SubTexture name="slice30_30.png" x="70" y="70" width="70" height="70"/>
	<SubTexture name="slice31_31.png" x="70" y="0" width="70" height="70"/>
	<SubTexture name="slice32_32.png" x="0" y="420" width="70" height="70"/>
	<SubTexture name="slice33_33.png" x="0" y="350" width="70" height="70"/>
	<SubTexture name="slice34_34.png" x="0" y="280" width="70" height="70"/>
	<SubTexture name="slice35_35.png" x="0" y="210" width="70" height="70"/>
	<SubTexture name="slice36_36.png" x="0" y="140" width="70" height="70"/>
</TextureAtlas>